-- phpMyAdmin SQL Dump
-- version 4.7.0
-- https://www.phpmyadmin.net/
--
-- Host: 127.0.0.1
-- Generation Time: Nov 25, 2017 at 05:55 PM
-- Server version: 10.1.26-MariaDB
-- PHP Version: 7.1.8

SET SQL_MODE = "NO_AUTO_VALUE_ON_ZERO";
SET AUTOCOMMIT = 0;
START TRANSACTION;
SET time_zone = "+00:00";


/*!40101 SET @OLD_CHARACTER_SET_CLIENT=@@CHARACTER_SET_CLIENT */;
/*!40101 SET @OLD_CHARACTER_SET_RESULTS=@@CHARACTER_SET_RESULTS */;
/*!40101 SET @OLD_COLLATION_CONNECTION=@@COLLATION_CONNECTION */;
/*!40101 SET NAMES utf8mb4 */;

--
-- Database: `webmap`
--

-- --------------------------------------------------------

--
-- Table structure for table `damages`
--

CREATE TABLE `damages` (
  `id` int(11) NOT NULL,
  `description` mediumtext COLLATE utf8_unicode_ci NOT NULL,
  `attach` varchar(1024) COLLATE utf8_unicode_ci NOT NULL,
  `reportDate` datetime NOT NULL DEFAULT CURRENT_TIMESTAMP,
  `staus` tinyint(4) NOT NULL DEFAULT '0',
  `coord` varchar(256) COLLATE utf8_unicode_ci NOT NULL,
  `reportBy` varchar(256) CHARACTER SET utf8 NOT NULL
) ENGINE=InnoDB DEFAULT CHARSET=utf8 COLLATE=utf8_unicode_ci;

--
-- Dumping data for table `damages`
--

INSERT INTO `damages` (`id`, `description`, `attach`, `reportDate`, `staus`, `coord`, `reportBy`) VALUES
(1, 'พายุพัดเสาไฟฟ้าโค่นที่ถนน 1251', '446738-01.jpg', '2017-05-22 13:43:25', 1, 'POINT(100.06329 19.08193)', '0817224456'),
(2, 'ถนนสาย 1251 ชำรุด', '1216905211.jpg', '2017-06-22 03:43:25', 1, 'POINT(100.06273 19.08569)', '0896543210'),
(3, 'โครงการก่อสร้างสะพานข้ามคลองอุดมวารี', 'DSC09341_resize.JPG', '2017-05-22 20:43:25', 0, 'POINT(100.05633 19.08676)', '0801234567');

-- --------------------------------------------------------

--
-- Table structure for table `street`
--

CREATE TABLE `street` (
  `id` int(11) NOT NULL,
  `name` varchar(512) COLLATE utf8_unicode_ci NOT NULL,
  `description` varchar(4096) COLLATE utf8_unicode_ci NOT NULL,
  `coord` mediumtext COLLATE utf8_unicode_ci NOT NULL,
  `type` int(11) NOT NULL
) ENGINE=InnoDB DEFAULT CHARSET=utf8 COLLATE=utf8_unicode_ci;

--
-- Dumping data for table `street`
--

INSERT INTO `street` (`id`, `name`, `description`, `coord`, `type`) VALUES
(1, 'ถนน1251', 'ทางหลวงแผ่นดิน หมายเลข 1251', 'LINESTRING(100.0657996606618 19.091430059374925, 100.06522030352004 19.09040097538999, 100.06467313288016 19.089437787540447, 100.06392747876855 19.088155218178372, 100.06315500257952 19.086806735328455, 100.06307453630237 19.0866495805975, 100.0630047988741 19.08653298183, 100.06294579027683 19.086421452497444, 100.06291896818145 19.086380896357515, 100.06290287492601 19.086325131649424, 100.06287068842413 19.086233880268136, 100.06284923074423 19.08618318503488, 100.06282240865781 19.08607165546589, 100.06279558657141 19.085965195353644, 100.06276340006056 19.085802970288164, 100.06274194238964 19.085544423761593, 100.06273121354968 19.085372059186856, 100.06273121354968 19.085265598624844, 100.0627526712206 19.085103372874002, 100.0628009509869 19.084799199163374, 100.06298870561868 19.08385625710991, 100.06320328233686 19.082842334932877, 100.06327301977409 19.082528017797408, 100.06328911302951 19.08237592864689, 100.06330520628495 19.08216807324879, 100.06331057070044 19.08199063550746, 100.06330520628495 19.081818267233153, 100.06329984186048 19.081701665064063, 100.06328911302951 19.081585062812866, 100.06326229093413 19.08142790312671, 100.06321937559228 19.081270743291437, 100.06316036699502 19.081088234908655, 100.06301552770509 19.080657311540115, 100.06286532399967 19.0803328508526, 100.06240398405244 19.079263140020746, 100.06204456804433 19.078426631477257, 100.06142229555174 19.076981743133896, 100.06086976049639 19.075678797928493, 100.06023139474836 19.074203466279442, 100.05959839342479 19.072753471172096, 100.05865962026594 19.07057845472364, 100.05733997342806 19.067516145417972, 100.05636901376731 19.065290358615222, 100.05555898664295 19.06346001951423, 100.05475432394306 19.061563746614304, 100.05387992380594 19.059576185967135)', 1),
(2, 'ถนนโรงเรียนถ้ำประชานุเคราะห์', '', 'LINESTRING(100.06700665472063 19.08665465018467, 100.06699592588068 19.086756040347836, 100.06699592588068 19.08682701342435, 100.0670120191361 19.086852360944363, 100.06705493447794 19.086862499951625, 100.06721050259885 19.086816874415767, 100.06743044374149 19.086776318372667, 100.06765038488413 19.086685067240047, 100.06795079228598 19.086583677033413, 100.06808490274496 19.08657860752134, 100.0682243776104 19.086563398984982, 100.06946355817114 19.08687263895825, 100.06948501585104 19.0868878474662, 100.06949038026652 19.086948681485712, 100.06976396558197 19.088185635035355, 100.07070810315629 19.08804369001492, 100.07119626519892 19.08794737011141, 100.07123918054076 19.087896675401904, 100.07123918054076 19.087810494361236, 100.07112652776168 19.087359310533213, 100.07099778172717 19.087014584981773, 100.07077784059354 19.086624233123697, 100.07065982339898 19.08606658601538, 100.07064909455902 19.085914500114523)', 2),
(3, 'ซอย22', 'ก่อสร้างปี 2551', 'LINESTRING(100.06308526514229 19.08656508871922,100.06319255350589 19.086549880181654,100.06364852903762 19.086696895990457,100.06375581740119 19.086722243530364,100.0638309192539 19.086732382545616,100.06395430086394 19.08675266057335,100.06405086038757 19.08676279958672,100.06413669108022 19.08676786909317,100.06418497083756 19.086772938599466,100.06427616594569 19.08676786909317,100.0643459033829 19.08675266057335,100.06447464941742 19.086722243530364,100.06474823473287 19.086671548446656,100.0649467181956 19.086666478937243,100.06514520166733 19.086681687464974,100.06531686304366 19.086696895990457,100.06544024466268 19.08672731303807,100.06572455881808 19.086783077610736,100.06589622019442 19.08681856414741,100.06599814413353 19.086833772661173,100.06613225458351 19.0868540506765,100.06621808527618 19.08684391166873,100.06641120432342 19.086793216622247,100.06686717985517 19.086666478937243,100.06696910379428 19.08663606187843,100.06702274797607 19.08663099236796)', 1),
(4, 'ถนนสันต้นศรี', '', 'LINESTRING(100.06288678167955 19.08602771952911, 100.06394893644845 19.085951676577874, 100.06431371687205 19.08594153751569, 100.06464631079376 19.085987163292735, 100.0649467181956 19.086012510941316, 100.06510765074098 19.086032789058066, 100.06529540537275 19.08602771952911, 100.06544560907817 19.086012510941316, 100.06592840669629 19.08594660704729, 100.06634683130169 19.085906050791046, 100.06673843382066 19.085860424990805, 100.06686717985517 19.08585535545741, 100.06707639215784 19.085835077318944, 100.06754309652955 19.085824938249633, 100.0679937076368 19.085885772659626, 100.06815464018217 19.085936467983935, 100.06822437761939 19.08592632891998, 100.06826192854575 19.085936467983935, 100.06834239481395 19.085956746109158, 100.06856233594759 19.085936467983935, 100.06941527842278 19.08594153751569, 100.07063836572807 19.08592632891998)', 1),
(5, 'ถนนสันต้นศรี ซอย1', '', 'LINESTRING(100.0639703941104 19.083952579470385, 100.06398648736582 19.08463190346121, 100.06393820759952 19.0850830947207, 100.06390602109762 19.085296016011785, 100.06372363088136 19.08597026496092)', 1),
(6, 'ถนนสันหัวหม่น ซอย2', '', 'LINESTRING(100.06397575853487 19.083918782158882, 100.06400794504572 19.08347265733457, 100.0640133094612 19.083117784456274, 100.06400258062126 19.082925138861906, 100.06394357202399 19.08237254893838, 100.06383091924492 19.08124708486097)', 1),
(7, 'ถนนสันหัวหม่น', '', 'LINESTRING(100.06301016328959 19.08380725098842, 100.06346613882133 19.083873155734707, 100.06374508856126 19.083918782081632, 100.0638577413403 19.083928921268495, 100.0639864873748 19.083939060453908, 100.06424934385929 19.0839339908617, 100.06446392057747 19.083928921268495, 100.06460339544293 19.083908642894134, 100.06508619307006 19.08377683340445, 100.06516129492276 19.083746415814865, 100.06522566793552 19.083715998219713, 100.0652524900309 19.08367037181607, 100.06529004095727 19.08351321410865, 100.0653329562991 19.08342703078665, 100.06538660048088 19.08337633469412, 100.06552071093088 19.083290151300886, 100.06564409254091 19.08319382863154, 100.06569773672268 19.083143132466788, 100.06574601648899 19.083107645143336, 100.06579966067078 19.083092436287355, 100.06588012693898 19.083102575524826, 100.066003508549 19.08309750590618, 100.06612152575254 19.083067088191832, 100.06629318712888 19.082991043881126, 100.06647557733618 19.08293527803152, 100.06651312826253 19.082920069160565, 100.0665721368598 19.082889651413648, 100.06651849267803 19.081982186061033, 100.06651849267803 19.08198725571299)', 2),
(8, 'ถนนจอมศรี', '', 'LINESTRING(100.06325692651863 19.08124708486097, 100.06409377572939 19.08123694550991, 100.06520957468008 19.08124708486097, 100.06609470365716 19.08123694550991)', 1),
(9, 'ซอย 2 ถนนจอมศรี', '', 'LINESTRING(100.06448537824838 19.08392385175239, 100.0645604801011 19.083508144580662, 100.06478042123474 19.08287444261492, 100.06503254888825 19.082184972123084, 100.0651022863165 19.081972046832238, 100.06519884584911 19.08158675275327, 100.0652042102646 19.08126229388554)', 2),
(10, 'ถนนสันต้นศรี ซอย2', '', 'LINESTRING(100.06433517453398 19.085934778243285, 100.0644102763867 19.08520476406342, 100.06446928499294 19.084809338372754, 100.06450147149484 19.08453558157225, 100.06449074266386 19.083927231506497)', 2),
(11, 'ถนนสันหัวหม่น', '', 'LINESTRING(100.06451756475028 19.084424050894444, 100.06652922150899 19.08415029345704)', 2),
(12, 'ถนนจอมศรี ซอย 3', '', 'LINESTRING(100.0656709146273 19.083168480628785, 100.0656387281254 19.083107645220583, 100.06561190603003 19.08294541735586, 100.06561727045448 19.08250435954654, 100.06560654161456 19.08239282749999, 100.06558508394363 19.082342131090893, 100.06555826184825 19.082240738225316, 100.06553143976183 19.082017673702886)', 2),
(13, 'ถนนสันต้นศรี ซอย4', 'lllllllllllllmmm', 'LINESTRING(100.06559581277459 19.08428717223186,100.06579429624632 19.085965195430894)', 2),
(14, 'ซอยสุวรรรคูหา', '', 'LINESTRING(100.0665721368598 19.08289303126611, 100.06656140801987 19.083334088041227, 100.06651312826253 19.083947509878595, 100.06660968778617 19.08499691221567, 100.06664723871252 19.085863804783497)', 2),
(15, 'ไม่มีชื่อ', '', 'LINESTRING(100.06659359453073 19.085001981776177, 100.06731779096243 19.084880312284472, 100.06785423276237 19.084794129673906, 100.06802052972321 19.08475357313542, 100.06818146226858 19.0847180861562)', 3),
(16, 'ซอยเจริญศึกษา5', '', 'LINESTRING(100.06740362165509 19.081544505565788, 100.06753773210507 19.08210723755038, 100.06759137627787 19.082223839433958, 100.06769330022597 19.0824823911446, 100.06778985974958 19.082761220967267, 100.06783813951591 19.082908240140394, 100.06797761438136 19.083374644926483, 100.06802589413869 19.08357742920722, 100.06805808064956 19.083871465972134, 100.06816536901313 19.084647112175798, 100.06820291993948 19.085387267909887, 100.06821364877047 19.085919569646954)', 2),
(17, 'ซอย 5 และซอย 7 ถนนจอมศรี', '', 'LINESTRING(100.06651312826253 19.081977116408087, 100.06650776384706 19.081941628833942, 100.06616444109437 19.081931489525417, 100.06612689016802 19.081901071596928, 100.06608933924167 19.0812572241333, 100.06611079691258 19.081211597053155, 100.06616980550987 19.081186248669777, 100.06675989149159 19.081262293808294, 100.06677598474701 19.08129271185407, 100.06681353567338 19.08136875694456, 100.06683499334429 19.081470150343083, 100.06683499334429 19.08171856390869, 100.06684035775977 19.081835166065893, 100.06684035775977 19.081880792975106, 100.06680817125788 19.0819061412522, 100.0666257810416 19.08193655917975, 100.06650239943157 19.081941628833942)', 2),
(18, 'ถนนสันหัวหม่น', '', 'LINESTRING(100.06509692190102 19.081992325442876, 100.06547779558005 19.082012604051876, 100.06568164346724 19.082017673702886, 100.06585866925909 19.081987255790235, 100.06613761899898 19.081911210984572)', 2),
(19, 'ถนนจอมศรี', '', 'LINESTRING(100.06683499334429 19.08139410537727, 100.06721050260784 19.081485359425276, 100.06740898607057 19.081536056096613, 100.06759137628687 19.081566474092124, 100.06781131742949 19.08158675275327, 100.06816536901313 19.081571543757654, 100.06917924402471 19.08150056842797, 100.06936163423202 19.08150056842797, 100.0698015165173 19.08152084709718, 100.07014483926997 19.081546195429365, 100.07035941598816 19.081576613423003, 100.07077247617804 19.081617170738628, 100.0711694431125 19.08173884262762, 100.07164151189967 19.081921350293502, 100.07205993650507 19.082174832829445)', 1),
(20, 'ซอยดวงดี', '', 'LINESTRING(100.06922215936655 19.08152929656713, 100.06928116796382 19.08233030195218, 100.06938845631842 19.0832428350118, 100.06946355817114 19.08374979564986)', 2),
(21, 'ถนนวัดพระธาตุจอมศรี', '', 'LINESTRING(100.07065445897452 19.085929708711326, 100.07064909455902 19.085331502867152, 100.07060081479273 19.084652181747014, 100.0705525350354 19.084287172231885, 100.07040769574547 19.083227626168238, 100.07025749204006 19.081945008705752, 100.07024139878462 19.08156478422962)', 1),
(22, 'หมุ่ 7 ซอย 2', '', 'LINESTRING(100.06807953832048 19.084033692929754, 100.07045597551178 19.083552081185918)', 1),
(23, 'หมู่ 7 เชือมต่อ หมู่ 10', '', 'LINESTRING(100.0681760978441 19.084723155725243, 100.06833166597399 19.084697807879316, 100.0684389543286 19.084697807879316, 100.06856233594759 19.084713016587845, 100.06895930288206 19.08479919924062, 100.06908804891657 19.08484989489758, 100.06920070169564 19.08486510359215, 100.06931871889017 19.08483468620246, 100.06957621095019 19.08477385140632, 100.0697264146556 19.084748503567305, 100.0698605251056 19.084748503567305, 100.06999463555557 19.08478906010704, 100.07013411043002 19.084783990540007, 100.07034332273271 19.08473836443146, 100.07060617921718 19.084697807879316)', 2),
(24, 'ถนนสันต้นศรี ซอย3', 'ก่อสร้างปี 2555', 'LINESTRING(100.06534904954556 19.086700275765235,100.06539732931186 19.08601589073089)', 2),
(25, 'ถนนสันต้นศรี ซอย5', '', 'LINESTRING(100.06702811239154 19.086624233123697, 100.06692082402797 19.085853665715078)', 2),
(26, 'ซอยเจริญศึกษา 1 ', 'ก่อสร้างปี 2552', 'LINESTRING(100.0682243776104 19.086558329472272,100.06821364877047 19.085939847774224)', 1),
(27, 'หมู่ 3 ซอย1', '', 'LINESTRING(100.06949574468199 19.08687263895825, 100.06948501585104 19.085955056368697)', 2),
(30, 'test add street', 'test description 1', 'LINESTRING(100.0636106157219 19.08751260307709,100.0653433227407 19.08752274204307,100.06698483466033 19.08749739462568)', 1);

-- --------------------------------------------------------

--
-- Table structure for table `street_type`
--

CREATE TABLE `street_type` (
  `stid` int(11) NOT NULL,
  `stype` varchar(1024) COLLATE utf8_unicode_ci NOT NULL
) ENGINE=InnoDB DEFAULT CHARSET=utf8 COLLATE=utf8_unicode_ci;

--
-- Dumping data for table `street_type`
--

INSERT INTO `street_type` (`stid`, `stype`) VALUES
(1, 'แอสฟัลท์'),
(2, 'คอนกรีต'),
(3, 'ลูกรัง');

-- --------------------------------------------------------

--
-- Table structure for table `village`
--

CREATE TABLE `village` (
  `id` int(11) NOT NULL,
  `name` varchar(1024) COLLATE utf8_unicode_ci NOT NULL,
  `coord` mediumtext COLLATE utf8_unicode_ci NOT NULL,
  `description` varchar(1024) COLLATE utf8_unicode_ci NOT NULL,
  `image` varchar(100) COLLATE utf8_unicode_ci NOT NULL
) ENGINE=InnoDB DEFAULT CHARSET=utf8 COLLATE=utf8_unicode_ci;

--
-- Dumping data for table `village`
--

INSERT INTO `village` (`id`, `name`, `coord`, `description`, `image`) VALUES
(1, 'บ้านไหล่น่าน', 'POLYGON((100.75792 18.57929, 100.75984 18.57872, 100.76495 18.57751, 100.76456 18.57171, 100.76407 18.57126, 100.76351 18.57041, 100.76300 18.56691, 100.76027 18.56502, 100.75740 18.56669, 100.75768 18.57084, 100.75738 18.57251, 100.75684 18.574301, 100.75289 18.57861, 100.75369 18.58028, 100.75792 18.57929))', 'dasdasdasd', 'วัดไหล่น่าน.png'),
(2, 'บ้านบุญเรือง', 'POLYGON((100.76660 18.57245, 100.76884 18.57188, 100.77008 18.56993, 100.77051 18.56748, 100.78626 18.56887, 100.78703 18.58038, 100.76858 18.58079, 100.76660 18.57245))', 'asdasdasdwwwww', 'บุญเรือง.jpg'),
(3, 'บ้านนาสา', 'POLYGON((100.82832 18.59890, 100.84776 18.59747, 100.84630 18.58364, 100.83806 18.58731, 100.82545 18.58918,100.82832 18.59890))', 'กฟกฟหกฟกฟหกฟหกฟหก', 'บ้านนาสา.jpg'),
(8, 'บ้านไหล่น่านเหนือ', 'POLYGON((100.75370 18.58030, 100.75460 18.58127, 100.75790 18.58131, 100.76125 18.58192, 100.76503 18.58436, 100.76601 18.58579, 100.76546 18.58827, 100.77121 18.59014, 100.77138 18.58754, 100.76915 18.58164, 100.76496 18.57753,100.75370 18.58030))', 'ฟหกฟหก', 'วัดไหล่น่าน.png');

--
-- Indexes for dumped tables
--

--
-- Indexes for table `damages`
--
ALTER TABLE `damages`
  ADD PRIMARY KEY (`id`);

--
-- Indexes for table `street`
--
ALTER TABLE `street`
  ADD PRIMARY KEY (`id`);

--
-- Indexes for table `street_type`
--
ALTER TABLE `street_type`
  ADD PRIMARY KEY (`stid`);

--
-- Indexes for table `village`
--
ALTER TABLE `village`
  ADD PRIMARY KEY (`id`);

--
-- AUTO_INCREMENT for dumped tables
--

--
-- AUTO_INCREMENT for table `street`
--
ALTER TABLE `street`
  MODIFY `id` int(11) NOT NULL AUTO_INCREMENT, AUTO_INCREMENT=31;
--
-- AUTO_INCREMENT for table `street_type`
--
ALTER TABLE `street_type`
  MODIFY `stid` int(11) NOT NULL AUTO_INCREMENT, AUTO_INCREMENT=4;COMMIT;

/*!40101 SET CHARACTER_SET_CLIENT=@OLD_CHARACTER_SET_CLIENT */;
/*!40101 SET CHARACTER_SET_RESULTS=@OLD_CHARACTER_SET_RESULTS */;
/*!40101 SET COLLATION_CONNECTION=@OLD_COLLATION_CONNECTION */;
